trade_date,target_slot,generated_at,actual_kst_time,schedule_lag_minutes,base_time,base_time_source,source_time,market_session,market,program_type,sell_value,buy_value,net_buy_value,sell_volume,buy_volume,net_buy_volume,unit_value,unit_volume,source,source_url,collected_at,raw_hash
2026-05-21,1330,2026-05-21T13:51:25.947923+09:00,13:51,21,13:51,collected_at_fallback,15:30,REGULAR,KOSPI,ARBITRAGE,274375,462319,187945,,,,백만원,,HANKYUNG,https://markets.hankyung.com/investment/program-trading,2026-05-21T13:51:25.947923+09:00,610bb28221f62fb4fc46aa7922728660451088125cf13847b8ca2bdc6d039430
2026-05-21,1330,2026-05-21T13:51:25.947923+09:00,13:51,21,13:51,collected_at_fallback,15:30,REGULAR,KOSPI,NON_ARBITRAGE,8203245,9129322,926078,,,,백만원,,HANKYUNG,https://markets.hankyung.com/investment/program-trading,2026-05-21T13:51:25.947923+09:00,610bb28221f62fb4fc46aa7922728660451088125cf13847b8ca2bdc6d039430
2026-05-21,1330,2026-05-21T13:51:25.947923+09:00,13:51,21,13:51,collected_at_fallback,15:30,REGULAR,KOSPI,TOTAL,8477619,9591642,1114022,,,,백만원,,HANKYUNG,https://markets.hankyung.com/investment/program-trading,2026-05-21T13:51:25.947923+09:00,610bb28221f62fb4fc46aa7922728660451088125cf13847b8ca2bdc6d039430
2026-05-02,1330,2026-05-21T13:51:25.947923+09:00,13:51,21,13:51,collected_at_fallback,13:51,REGULAR,KOSPI,ARBITRAGE,880896,988926,108030,,,,백만원,,HANKYUNG,https://markets.hankyung.com/investment/program-trading,2026-05-21T13:51:25.947923+09:00,610bb28221f62fb4fc46aa7922728660451088125cf13847b8ca2bdc6d039430
2026-05-02,1330,2026-05-21T13:51:25.947923+09:00,13:51,21,13:51,collected_at_fallback,13:51,REGULAR,KOSPI,NON_ARBITRAGE,12858262,11751795,-1106468,,,,백만원,,HANKYUNG,https://markets.hankyung.com/investment/program-trading,2026-05-21T13:51:25.947923+09:00,610bb28221f62fb4fc46aa7922728660451088125cf13847b8ca2bdc6d039430
2026-05-02,1330,2026-05-21T13:51:25.947923+09:00,13:51,21,13:51,collected_at_fallback,13:51,REGULAR,KOSPI,TOTAL,13739158,12740720,-998438,,,,백만원,,HANKYUNG,https://markets.hankyung.com/investment/program-trading,2026-05-21T13:51:25.947923+09:00,610bb28221f62fb4fc46aa7922728660451088125cf13847b8ca2bdc6d039430
2026-05-19,1330,2026-05-21T13:51:25.947923+09:00,13:51,21,13:51,collected_at_fallback,13:51,REGULAR,KOSPI,ARBITRAGE,848451,1086292,237840,,,,백만원,,HANKYUNG,https://markets.hankyung.com/investment/program-trading,2026-05-21T13:51:25.947923+09:00,610bb28221f62fb4fc46aa7922728660451088125cf13847b8ca2bdc6d039430
2026-05-19,1330,2026-05-21T13:51:25.947923+09:00,13:51,21,13:51,collected_at_fallback,13:51,REGULAR,KOSPI,NON_ARBITRAGE,14721700,9904728,-4816972,,,,백만원,,HANKYUNG,https://markets.hankyung.com/investment/program-trading,2026-05-21T13:51:25.947923+09:00,610bb28221f62fb4fc46aa7922728660451088125cf13847b8ca2bdc6d039430
2026-05-19,1330,2026-05-21T13:51:25.947923+09:00,13:51,21,13:51,collected_at_fallback,13:51,REGULAR,KOSPI,TOTAL,15570151,10991020,-4579131,,,,백만원,,HANKYUNG,https://markets.hankyung.com/investment/program-trading,2026-05-21T13:51:25.947923+09:00,610bb28221f62fb4fc46aa7922728660451088125cf13847b8ca2bdc6d039430
2026-05-18,1330,2026-05-21T13:51:25.947923+09:00,13:51,21,13:51,collected_at_fallback,13:51,REGULAR,KOSPI,ARBITRAGE,918461,1078792,160331,,,,백만원,,HANKYUNG,https://markets.hankyung.com/investment/program-trading,2026-05-21T13:51:25.947923+09:00,610bb28221f62fb4fc46aa7922728660451088125cf13847b8ca2bdc6d039430
2026-05-18,1330,2026-05-21T13:51:25.947923+09:00,13:51,21,13:51,collected_at_fallback,13:51,REGULAR,KOSPI,NON_ARBITRAGE,13384594,11569790,-1814804,,,,백만원,,HANKYUNG,https://markets.hankyung.com/investment/program-trading,2026-05-21T13:51:25.947923+09:00,610bb28221f62fb4fc46aa7922728660451088125cf13847b8ca2bdc6d039430
2026-05-18,1330,2026-05-21T13:51:25.947923+09:00,13:51,21,13:51,collected_at_fallback,13:51,REGULAR,KOSPI,TOTAL,14303055,12648582,-1654473,,,,백만원,,HANKYUNG,https://markets.hankyung.com/investment/program-trading,2026-05-21T13:51:25.947923+09:00,610bb28221f62fb4fc46aa7922728660451088125cf13847b8ca2bdc6d039430
2026-05-15,1330,2026-05-21T13:51:25.947923+09:00,13:51,21,13:51,collected_at_fallback,13:51,REGULAR,KOSPI,ARBITRAGE,655178,750773,95595,,,,백만원,,HANKYUNG,https://markets.hankyung.com/investment/program-trading,2026-05-21T13:51:25.947923+09:00,610bb28221f62fb4fc46aa7922728660451088125cf13847b8ca2bdc6d039430
2026-05-15,1330,2026-05-21T13:51:25.947923+09:00,13:51,21,13:51,collected_at_fallback,13:51,REGULAR,KOSPI,NON_ARBITRAGE,18308996,13842605,-4466390,,,,백만원,,HANKYUNG,https://markets.hankyung.com/investment/program-trading,2026-05-21T13:51:25.947923+09:00,610bb28221f62fb4fc46aa7922728660451088125cf13847b8ca2bdc6d039430
2026-05-15,1330,2026-05-21T13:51:25.947923+09:00,13:51,21,13:51,collected_at_fallback,13:51,REGULAR,KOSPI,TOTAL,18964174,14593379,-4370795,,,,백만원,,HANKYUNG,https://markets.hankyung.com/investment/program-trading,2026-05-21T13:51:25.947923+09:00,610bb28221f62fb4fc46aa7922728660451088125cf13847b8ca2bdc6d039430
2026-05-14,1330,2026-05-21T13:51:25.947923+09:00,13:51,21,13:51,collected_at_fallback,13:51,REGULAR,KOSPI,ARBITRAGE,885773,1086017,200244,,,,백만원,,HANKYUNG,https://markets.hankyung.com/investment/program-trading,2026-05-21T13:51:25.947923+09:00,610bb28221f62fb4fc46aa7922728660451088125cf13847b8ca2bdc6d039430
2026-05-14,1330,2026-05-21T13:51:25.947923+09:00,13:51,21,13:51,collected_at_fallback,13:51,REGULAR,KOSPI,NON_ARBITRAGE,15074772,15078086,3314,,,,백만원,,HANKYUNG,https://markets.hankyung.com/investment/program-trading,2026-05-21T13:51:25.947923+09:00,610bb28221f62fb4fc46aa7922728660451088125cf13847b8ca2bdc6d039430
2026-05-14,1330,2026-05-21T13:51:25.947923+09:00,13:51,21,13:51,collected_at_fallback,13:51,REGULAR,KOSPI,TOTAL,15960545,16164103,203558,,,,백만원,,HANKYUNG,https://markets.hankyung.com/investment/program-trading,2026-05-21T13:51:25.947923+09:00,610bb28221f62fb4fc46aa7922728660451088125cf13847b8ca2bdc6d039430
2026-05-13,1330,2026-05-21T13:51:25.947923+09:00,13:51,21,13:51,collected_at_fallback,13:51,REGULAR,KOSPI,ARBITRAGE,548547,566542,17996,,,,백만원,,HANKYUNG,https://markets.hankyung.com/investment/program-trading,2026-05-21T13:51:25.947923+09:00,610bb28221f62fb4fc46aa7922728660451088125cf13847b8ca2bdc6d039430
2026-05-13,1330,2026-05-21T13:51:25.947923+09:00,13:51,21,13:51,collected_at_fallback,13:51,REGULAR,KOSPI,NON_ARBITRAGE,14801503,13268795,-1532707,,,,백만원,,HANKYUNG,https://markets.hankyung.com/investment/program-trading,2026-05-21T13:51:25.947923+09:00,610bb28221f62fb4fc46aa7922728660451088125cf13847b8ca2bdc6d039430
2026-05-13,1330,2026-05-21T13:51:25.947923+09:00,13:51,21,13:51,collected_at_fallback,13:51,REGULAR,KOSPI,TOTAL,15350049,13835338,-1514712,,,,백만원,,HANKYUNG,https://markets.hankyung.com/investment/program-trading,2026-05-21T13:51:25.947923+09:00,610bb28221f62fb4fc46aa7922728660451088125cf13847b8ca2bdc6d039430
2026-05-12,1330,2026-05-21T13:51:25.947923+09:00,13:51,21,13:51,collected_at_fallback,13:51,REGULAR,KOSPI,ARBITRAGE,999111,959659,-39452,,,,백만원,,HANKYUNG,https://markets.hankyung.com/investment/program-trading,2026-05-21T13:51:25.947923+09:00,610bb28221f62fb4fc46aa7922728660451088125cf13847b8ca2bdc6d039430
2026-05-12,1330,2026-05-21T13:51:25.947923+09:00,13:51,21,13:51,collected_at_fallback,13:51,REGULAR,KOSPI,NON_ARBITRAGE,20687583,17312545,-3375038,,,,백만원,,HANKYUNG,https://markets.hankyung.com/investment/program-trading,2026-05-21T13:51:25.947923+09:00,610bb28221f62fb4fc46aa7922728660451088125cf13847b8ca2bdc6d039430
2026-05-12,1330,2026-05-21T13:51:25.947923+09:00,13:51,21,13:51,collected_at_fallback,13:51,REGULAR,KOSPI,TOTAL,21686694,18272204,-3414489,,,,백만원,,HANKYUNG,https://markets.hankyung.com/investment/program-trading,2026-05-21T13:51:25.947923+09:00,610bb28221f62fb4fc46aa7922728660451088125cf13847b8ca2bdc6d039430
2026-05-11,1330,2026-05-21T13:51:25.947923+09:00,13:51,21,13:51,collected_at_fallback,13:51,REGULAR,KOSPI,ARBITRAGE,701265,766728,65463,,,,백만원,,HANKYUNG,https://markets.hankyung.com/investment/program-trading,2026-05-21T13:51:25.947923+09:00,610bb28221f62fb4fc46aa7922728660451088125cf13847b8ca2bdc6d039430
2026-05-11,1330,2026-05-21T13:51:25.947923+09:00,13:51,21,13:51,collected_at_fallback,13:51,REGULAR,KOSPI,NON_ARBITRAGE,16767123,12828467,-3938656,,,,백만원,,HANKYUNG,https://markets.hankyung.com/investment/program-trading,2026-05-21T13:51:25.947923+09:00,610bb28221f62fb4fc46aa7922728660451088125cf13847b8ca2bdc6d039430
2026-05-11,1330,2026-05-21T13:51:25.947923+09:00,13:51,21,13:51,collected_at_fallback,13:51,REGULAR,KOSPI,TOTAL,17468388,13595195,-3873193,,,,백만원,,HANKYUNG,https://markets.hankyung.com/investment/program-trading,2026-05-21T13:51:25.947923+09:00,610bb28221f62fb4fc46aa7922728660451088125cf13847b8ca2bdc6d039430
2026-05-08,1330,2026-05-21T13:51:25.947923+09:00,13:51,21,13:51,collected_at_fallback,13:51,REGULAR,KOSPI,ARBITRAGE,563022,602839,39817,,,,백만원,,HANKYUNG,https://markets.hankyung.com/investment/program-trading,2026-05-21T13:51:25.947923+09:00,610bb28221f62fb4fc46aa7922728660451088125cf13847b8ca2bdc6d039430
2026-05-08,1330,2026-05-21T13:51:25.947923+09:00,13:51,21,13:51,collected_at_fallback,13:51,REGULAR,KOSPI,NON_ARBITRAGE,12918714,9557448,-3361265,,,,백만원,,HANKYUNG,https://markets.hankyung.com/investment/program-trading,2026-05-21T13:51:25.947923+09:00,610bb28221f62fb4fc46aa7922728660451088125cf13847b8ca2bdc6d039430
2026-05-08,1330,2026-05-21T13:51:25.947923+09:00,13:51,21,13:51,collected_at_fallback,13:51,REGULAR,KOSPI,TOTAL,13481736,10160287,-3321448,,,,백만원,,HANKYUNG,https://markets.hankyung.com/investment/program-trading,2026-05-21T13:51:25.947923+09:00,610bb28221f62fb4fc46aa7922728660451088125cf13847b8ca2bdc6d039430
2026-05-07,1330,2026-05-21T13:51:25.947923+09:00,13:51,21,13:51,collected_at_fallback,13:51,REGULAR,KOSPI,ARBITRAGE,786143,952028,165884,,,,백만원,,HANKYUNG,https://markets.hankyung.com/investment/program-trading,2026-05-21T13:51:25.947923+09:00,610bb28221f62fb4fc46aa7922728660451088125cf13847b8ca2bdc6d039430
2026-05-07,1330,2026-05-21T13:51:25.947923+09:00,13:51,21,13:51,collected_at_fallback,13:51,REGULAR,KOSPI,NON_ARBITRAGE,17673515,12782877,-4890638,,,,백만원,,HANKYUNG,https://markets.hankyung.com/investment/program-trading,2026-05-21T13:51:25.947923+09:00,610bb28221f62fb4fc46aa7922728660451088125cf13847b8ca2bdc6d039430
2026-05-07,1330,2026-05-21T13:51:25.947923+09:00,13:51,21,13:51,collected_at_fallback,13:51,REGULAR,KOSPI,TOTAL,18459659,13734905,-4724754,,,,백만원,,HANKYUNG,https://markets.hankyung.com/investment/program-trading,2026-05-21T13:51:25.947923+09:00,610bb28221f62fb4fc46aa7922728660451088125cf13847b8ca2bdc6d039430
2026-05-06,1330,2026-05-21T13:51:25.947923+09:00,13:51,21,13:51,collected_at_fallback,13:51,REGULAR,KOSPI,ARBITRAGE,871189,313540,-557650,,,,백만원,,HANKYUNG,https://markets.hankyung.com/investment/program-trading,2026-05-21T13:51:25.947923+09:00,610bb28221f62fb4fc46aa7922728660451088125cf13847b8ca2bdc6d039430
2026-05-06,1330,2026-05-21T13:51:25.947923+09:00,13:51,21,13:51,collected_at_fallback,13:51,REGULAR,KOSPI,NON_ARBITRAGE,18201088,18572749,371661,,,,백만원,,HANKYUNG,https://markets.hankyung.com/investment/program-trading,2026-05-21T13:51:25.947923+09:00,610bb28221f62fb4fc46aa7922728660451088125cf13847b8ca2bdc6d039430
2026-05-06,1330,2026-05-21T13:51:25.947923+09:00,13:51,21,13:51,collected_at_fallback,13:51,REGULAR,KOSPI,TOTAL,19072277,18886289,-185988,,,,백만원,,HANKYUNG,https://markets.hankyung.com/investment/program-trading,2026-05-21T13:51:25.947923+09:00,610bb28221f62fb4fc46aa7922728660451088125cf13847b8ca2bdc6d039430
2026-05-04,1330,2026-05-21T13:51:25.947923+09:00,13:51,21,13:51,collected_at_fallback,13:51,REGULAR,KOSPI,ARBITRAGE,312740,442759,130019,,,,백만원,,HANKYUNG,https://markets.hankyung.com/investment/program-trading,2026-05-21T13:51:25.947923+09:00,610bb28221f62fb4fc46aa7922728660451088125cf13847b8ca2bdc6d039430
2026-05-04,1330,2026-05-21T13:51:25.947923+09:00,13:51,21,13:51,collected_at_fallback,13:51,REGULAR,KOSPI,NON_ARBITRAGE,11037622,13537714,2500093,,,,백만원,,HANKYUNG,https://markets.hankyung.com/investment/program-trading,2026-05-21T13:51:25.947923+09:00,610bb28221f62fb4fc46aa7922728660451088125cf13847b8ca2bdc6d039430
2026-05-04,1330,2026-05-21T13:51:25.947923+09:00,13:51,21,13:51,collected_at_fallback,13:51,REGULAR,KOSPI,TOTAL,11350362,13980473,2630111,,,,백만원,,HANKYUNG,https://markets.hankyung.com/investment/program-trading,2026-05-21T13:51:25.947923+09:00,610bb28221f62fb4fc46aa7922728660451088125cf13847b8ca2bdc6d039430
2026-04-03,1330,2026-05-21T13:51:25.947923+09:00,13:51,21,13:51,collected_at_fallback,13:51,REGULAR,KOSPI,ARBITRAGE,407702,772230,364528,,,,백만원,,HANKYUNG,https://markets.hankyung.com/investment/program-trading,2026-05-21T13:51:25.947923+09:00,610bb28221f62fb4fc46aa7922728660451088125cf13847b8ca2bdc6d039430
2026-04-03,1330,2026-05-21T13:51:25.947923+09:00,13:51,21,13:51,collected_at_fallback,13:51,REGULAR,KOSPI,NON_ARBITRAGE,11432016,9950102,-1481914,,,,백만원,,HANKYUNG,https://markets.hankyung.com/investment/program-trading,2026-05-21T13:51:25.947923+09:00,610bb28221f62fb4fc46aa7922728660451088125cf13847b8ca2bdc6d039430
2026-04-03,1330,2026-05-21T13:51:25.947923+09:00,13:51,21,13:51,collected_at_fallback,13:51,REGULAR,KOSPI,TOTAL,11839718,10722331,-1117386,,,,백만원,,HANKYUNG,https://markets.hankyung.com/investment/program-trading,2026-05-21T13:51:25.947923+09:00,610bb28221f62fb4fc46aa7922728660451088125cf13847b8ca2bdc6d039430
2026-04-29,1330,2026-05-21T13:51:25.947923+09:00,13:51,21,13:51,collected_at_fallback,13:51,REGULAR,KOSPI,ARBITRAGE,182716,148650,-34067,,,,백만원,,HANKYUNG,https://markets.hankyung.com/investment/program-trading,2026-05-21T13:51:25.947923+09:00,610bb28221f62fb4fc46aa7922728660451088125cf13847b8ca2bdc6d039430
2026-04-29,1330,2026-05-21T13:51:25.947923+09:00,13:51,21,13:51,collected_at_fallback,13:51,REGULAR,KOSPI,NON_ARBITRAGE,8667215,9029693,362478,,,,백만원,,HANKYUNG,https://markets.hankyung.com/investment/program-trading,2026-05-21T13:51:25.947923+09:00,610bb28221f62fb4fc46aa7922728660451088125cf13847b8ca2bdc6d039430
2026-04-29,1330,2026-05-21T13:51:25.947923+09:00,13:51,21,13:51,collected_at_fallback,13:51,REGULAR,KOSPI,TOTAL,8849932,9178343,328411,,,,백만원,,HANKYUNG,https://markets.hankyung.com/investment/program-trading,2026-05-21T13:51:25.947923+09:00,610bb28221f62fb4fc46aa7922728660451088125cf13847b8ca2bdc6d039430
2026-04-28,1330,2026-05-21T13:51:25.947923+09:00,13:51,21,13:51,collected_at_fallback,13:51,REGULAR,KOSPI,ARBITRAGE,473263,459355,-13908,,,,백만원,,HANKYUNG,https://markets.hankyung.com/investment/program-trading,2026-05-21T13:51:25.947923+09:00,610bb28221f62fb4fc46aa7922728660451088125cf13847b8ca2bdc6d039430
2026-04-28,1330,2026-05-21T13:51:25.947923+09:00,13:51,21,13:51,collected_at_fallback,13:51,REGULAR,KOSPI,NON_ARBITRAGE,9803478,10274668,471190,,,,백만원,,HANKYUNG,https://markets.hankyung.com/investment/program-trading,2026-05-21T13:51:25.947923+09:00,610bb28221f62fb4fc46aa7922728660451088125cf13847b8ca2bdc6d039430
2026-04-28,1330,2026-05-21T13:51:25.947923+09:00,13:51,21,13:51,collected_at_fallback,13:51,REGULAR,KOSPI,TOTAL,10276741,10734023,457282,,,,백만원,,HANKYUNG,https://markets.hankyung.com/investment/program-trading,2026-05-21T13:51:25.947923+09:00,610bb28221f62fb4fc46aa7922728660451088125cf13847b8ca2bdc6d039430
2026-04-27,1330,2026-05-21T13:51:25.947923+09:00,13:51,21,13:51,collected_at_fallback,13:51,REGULAR,KOSPI,ARBITRAGE,508367,454462,-53905,,,,백만원,,HANKYUNG,https://markets.hankyung.com/investment/program-trading,2026-05-21T13:51:25.947923+09:00,610bb28221f62fb4fc46aa7922728660451088125cf13847b8ca2bdc6d039430
2026-04-27,1330,2026-05-21T13:51:25.947923+09:00,13:51,21,13:51,collected_at_fallback,13:51,REGULAR,KOSPI,NON_ARBITRAGE,8789654,9495605,705951,,,,백만원,,HANKYUNG,https://markets.hankyung.com/investment/program-trading,2026-05-21T13:51:25.947923+09:00,610bb28221f62fb4fc46aa7922728660451088125cf13847b8ca2bdc6d039430
2026-04-27,1330,2026-05-21T13:51:25.947923+09:00,13:51,21,13:51,collected_at_fallback,13:51,REGULAR,KOSPI,TOTAL,9298021,9950067,652045,,,,백만원,,HANKYUNG,https://markets.hankyung.com/investment/program-trading,2026-05-21T13:51:25.947923+09:00,610bb28221f62fb4fc46aa7922728660451088125cf13847b8ca2bdc6d039430
2026-04-24,1330,2026-05-21T13:51:25.947923+09:00,13:51,21,13:51,collected_at_fallback,13:51,REGULAR,KOSPI,ARBITRAGE,390309,395912,5603,,,,백만원,,HANKYUNG,https://markets.hankyung.com/investment/program-trading,2026-05-21T13:51:25.947923+09:00,610bb28221f62fb4fc46aa7922728660451088125cf13847b8ca2bdc6d039430
2026-04-24,1330,2026-05-21T13:51:25.947923+09:00,13:51,21,13:51,collected_at_fallback,13:51,REGULAR,KOSPI,NON_ARBITRAGE,9093228,7686997,-1406230,,,,백만원,,HANKYUNG,https://markets.hankyung.com/investment/program-trading,2026-05-21T13:51:25.947923+09:00,610bb28221f62fb4fc46aa7922728660451088125cf13847b8ca2bdc6d039430
2026-04-24,1330,2026-05-21T13:51:25.947923+09:00,13:51,21,13:51,collected_at_fallback,13:51,REGULAR,KOSPI,TOTAL,9483537,8082909,-1400628,,,,백만원,,HANKYUNG,https://markets.hankyung.com/investment/program-trading,2026-05-21T13:51:25.947923+09:00,610bb28221f62fb4fc46aa7922728660451088125cf13847b8ca2bdc6d039430
2026-04-23,1330,2026-05-21T13:51:25.947923+09:00,13:51,21,13:51,collected_at_fallback,13:51,REGULAR,KOSPI,ARBITRAGE,682963,789608,106645,,,,백만원,,HANKYUNG,https://markets.hankyung.com/investment/program-trading,2026-05-21T13:51:25.947923+09:00,610bb28221f62fb4fc46aa7922728660451088125cf13847b8ca2bdc6d039430
2026-04-23,1330,2026-05-21T13:51:25.947923+09:00,13:51,21,13:51,collected_at_fallback,13:51,REGULAR,KOSPI,NON_ARBITRAGE,10305973,10537791,231818,,,,백만원,,HANKYUNG,https://markets.hankyung.com/investment/program-trading,2026-05-21T13:51:25.947923+09:00,610bb28221f62fb4fc46aa7922728660451088125cf13847b8ca2bdc6d039430
2026-04-23,1330,2026-05-21T13:51:25.947923+09:00,13:51,21,13:51,collected_at_fallback,13:51,REGULAR,KOSPI,TOTAL,10988937,11327400,338463,,,,백만원,,HANKYUNG,https://markets.hankyung.com/investment/program-trading,2026-05-21T13:51:25.947923+09:00,610bb28221f62fb4fc46aa7922728660451088125cf13847b8ca2bdc6d039430
2026-04-22,1330,2026-05-21T13:51:25.947923+09:00,13:51,21,13:51,collected_at_fallback,13:51,REGULAR,KOSPI,ARBITRAGE,277612,271704,-5908,,,,백만원,,HANKYUNG,https://markets.hankyung.com/investment/program-trading,2026-05-21T13:51:25.947923+09:00,610bb28221f62fb4fc46aa7922728660451088125cf13847b8ca2bdc6d039430
2026-04-22,1330,2026-05-21T13:51:25.947923+09:00,13:51,21,13:51,collected_at_fallback,13:51,REGULAR,KOSPI,NON_ARBITRAGE,8625223,8120943,-504280,,,,백만원,,HANKYUNG,https://markets.hankyung.com/investment/program-trading,2026-05-21T13:51:25.947923+09:00,610bb28221f62fb4fc46aa7922728660451088125cf13847b8ca2bdc6d039430
2026-04-22,1330,2026-05-21T13:51:25.947923+09:00,13:51,21,13:51,collected_at_fallback,13:51,REGULAR,KOSPI,TOTAL,8902835,8392647,-510188,,,,백만원,,HANKYUNG,https://markets.hankyung.com/investment/program-trading,2026-05-21T13:51:25.947923+09:00,610bb28221f62fb4fc46aa7922728660451088125cf13847b8ca2bdc6d039430
2026-04-21,1330,2026-05-21T13:51:25.947923+09:00,13:51,21,13:51,collected_at_fallback,13:51,REGULAR,KOSPI,ARBITRAGE,341339,318922,-22416,,,,백만원,,HANKYUNG,https://markets.hankyung.com/investment/program-trading,2026-05-21T13:51:25.947923+09:00,610bb28221f62fb4fc46aa7922728660451088125cf13847b8ca2bdc6d039430
2026-04-21,1330,2026-05-21T13:51:25.947923+09:00,13:51,21,13:51,collected_at_fallback,13:51,REGULAR,KOSPI,NON_ARBITRAGE,7255480,8195688,940208,,,,백만원,,HANKYUNG,https://markets.hankyung.com/investment/program-trading,2026-05-21T13:51:25.947923+09:00,610bb28221f62fb4fc46aa7922728660451088125cf13847b8ca2bdc6d039430
2026-04-21,1330,2026-05-21T13:51:25.947923+09:00,13:51,21,13:51,collected_at_fallback,13:51,REGULAR,KOSPI,TOTAL,7596818,8514610,917792,,,,백만원,,HANKYUNG,https://markets.hankyung.com/investment/program-trading,2026-05-21T13:51:25.947923+09:00,610bb28221f62fb4fc46aa7922728660451088125cf13847b8ca2bdc6d039430
2026-04-02,1330,2026-05-21T13:51:25.947923+09:00,13:51,21,13:51,collected_at_fallback,13:51,REGULAR,KOSPI,ARBITRAGE,315263,220225,-95038,,,,백만원,,HANKYUNG,https://markets.hankyung.com/investment/program-trading,2026-05-21T13:51:25.947923+09:00,610bb28221f62fb4fc46aa7922728660451088125cf13847b8ca2bdc6d039430
2026-04-02,1330,2026-05-21T13:51:25.947923+09:00,13:51,21,13:51,collected_at_fallback,13:51,REGULAR,KOSPI,NON_ARBITRAGE,6405760,6212031,-193729,,,,백만원,,HANKYUNG,https://markets.hankyung.com/investment/program-trading,2026-05-21T13:51:25.947923+09:00,610bb28221f62fb4fc46aa7922728660451088125cf13847b8ca2bdc6d039430
2026-04-02,1330,2026-05-21T13:51:25.947923+09:00,13:51,21,13:51,collected_at_fallback,13:51,REGULAR,KOSPI,TOTAL,6721022,6432256,-288767,,,,백만원,,HANKYUNG,https://markets.hankyung.com/investment/program-trading,2026-05-21T13:51:25.947923+09:00,610bb28221f62fb4fc46aa7922728660451088125cf13847b8ca2bdc6d039430
2026-04-17,1330,2026-05-21T13:51:25.947923+09:00,13:51,21,13:51,collected_at_fallback,13:51,REGULAR,KOSPI,ARBITRAGE,392921,389833,-3088,,,,백만원,,HANKYUNG,https://markets.hankyung.com/investment/program-trading,2026-05-21T13:51:25.947923+09:00,610bb28221f62fb4fc46aa7922728660451088125cf13847b8ca2bdc6d039430
2026-04-17,1330,2026-05-21T13:51:25.947923+09:00,13:51,21,13:51,collected_at_fallback,13:51,REGULAR,KOSPI,NON_ARBITRAGE,7319421,5608844,-1710577,,,,백만원,,HANKYUNG,https://markets.hankyung.com/investment/program-trading,2026-05-21T13:51:25.947923+09:00,610bb28221f62fb4fc46aa7922728660451088125cf13847b8ca2bdc6d039430
2026-04-17,1330,2026-05-21T13:51:25.947923+09:00,13:51,21,13:51,collected_at_fallback,13:51,REGULAR,KOSPI,TOTAL,7712342,5998677,-1713665,,,,백만원,,HANKYUNG,https://markets.hankyung.com/investment/program-trading,2026-05-21T13:51:25.947923+09:00,610bb28221f62fb4fc46aa7922728660451088125cf13847b8ca2bdc6d039430
2026-04-16,1330,2026-05-21T13:51:25.947923+09:00,13:51,21,13:51,collected_at_fallback,13:51,REGULAR,KOSPI,ARBITRAGE,628825,790252,161427,,,,백만원,,HANKYUNG,https://markets.hankyung.com/investment/program-trading,2026-05-21T13:51:25.947923+09:00,610bb28221f62fb4fc46aa7922728660451088125cf13847b8ca2bdc6d039430
2026-04-16,1330,2026-05-21T13:51:25.947923+09:00,13:51,21,13:51,collected_at_fallback,13:51,REGULAR,KOSPI,NON_ARBITRAGE,7151658,7287614,135956,,,,백만원,,HANKYUNG,https://markets.hankyung.com/investment/program-trading,2026-05-21T13:51:25.947923+09:00,610bb28221f62fb4fc46aa7922728660451088125cf13847b8ca2bdc6d039430
2026-04-16,1330,2026-05-21T13:51:25.947923+09:00,13:51,21,13:51,collected_at_fallback,13:51,REGULAR,KOSPI,TOTAL,7780484,8077867,297383,,,,백만원,,HANKYUNG,https://markets.hankyung.com/investment/program-trading,2026-05-21T13:51:25.947923+09:00,610bb28221f62fb4fc46aa7922728660451088125cf13847b8ca2bdc6d039430
2026-04-15,1330,2026-05-21T13:51:25.947923+09:00,13:51,21,13:51,collected_at_fallback,13:51,REGULAR,KOSPI,ARBITRAGE,498976,678024,179048,,,,백만원,,HANKYUNG,https://markets.hankyung.com/investment/program-trading,2026-05-21T13:51:25.947923+09:00,610bb28221f62fb4fc46aa7922728660451088125cf13847b8ca2bdc6d039430
2026-04-15,1330,2026-05-21T13:51:25.947923+09:00,13:51,21,13:51,collected_at_fallback,13:51,REGULAR,KOSPI,NON_ARBITRAGE,9123521,9278306,154785,,,,백만원,,HANKYUNG,https://markets.hankyung.com/investment/program-trading,2026-05-21T13:51:25.947923+09:00,610bb28221f62fb4fc46aa7922728660451088125cf13847b8ca2bdc6d039430
2026-04-15,1330,2026-05-21T13:51:25.947923+09:00,13:51,21,13:51,collected_at_fallback,13:51,REGULAR,KOSPI,TOTAL,9622496,9956330,333834,,,,백만원,,HANKYUNG,https://markets.hankyung.com/investment/program-trading,2026-05-21T13:51:25.947923+09:00,610bb28221f62fb4fc46aa7922728660451088125cf13847b8ca2bdc6d039430
2026-04-14,1330,2026-05-21T13:51:25.947923+09:00,13:51,21,13:51,collected_at_fallback,13:51,REGULAR,KOSPI,ARBITRAGE,329618,496419,166800,,,,백만원,,HANKYUNG,https://markets.hankyung.com/investment/program-trading,2026-05-21T13:51:25.947923+09:00,610bb28221f62fb4fc46aa7922728660451088125cf13847b8ca2bdc6d039430
2026-04-14,1330,2026-05-21T13:51:25.947923+09:00,13:51,21,13:51,collected_at_fallback,13:51,REGULAR,KOSPI,NON_ARBITRAGE,7164650,7782457,617807,,,,백만원,,HANKYUNG,https://markets.hankyung.com/investment/program-trading,2026-05-21T13:51:25.947923+09:00,610bb28221f62fb4fc46aa7922728660451088125cf13847b8ca2bdc6d039430
2026-04-14,1330,2026-05-21T13:51:25.947923+09:00,13:51,21,13:51,collected_at_fallback,13:51,REGULAR,KOSPI,TOTAL,7494268,8278875,784607,,,,백만원,,HANKYUNG,https://markets.hankyung.com/investment/program-trading,2026-05-21T13:51:25.947923+09:00,610bb28221f62fb4fc46aa7922728660451088125cf13847b8ca2bdc6d039430
2026-04-13,1330,2026-05-21T13:51:25.947923+09:00,13:51,21,13:51,collected_at_fallback,13:51,REGULAR,KOSPI,ARBITRAGE,330322,204185,-126137,,,,백만원,,HANKYUNG,https://markets.hankyung.com/investment/program-trading,2026-05-21T13:51:25.947923+09:00,610bb28221f62fb4fc46aa7922728660451088125cf13847b8ca2bdc6d039430
2026-04-13,1330,2026-05-21T13:51:25.947923+09:00,13:51,21,13:51,collected_at_fallback,13:51,REGULAR,KOSPI,NON_ARBITRAGE,6787734,6820743,33009,,,,백만원,,HANKYUNG,https://markets.hankyung.com/investment/program-trading,2026-05-21T13:51:25.947923+09:00,610bb28221f62fb4fc46aa7922728660451088125cf13847b8ca2bdc6d039430
2026-04-13,1330,2026-05-21T13:51:25.947923+09:00,13:51,21,13:51,collected_at_fallback,13:51,REGULAR,KOSPI,TOTAL,7118056,7024928,-93128,,,,백만원,,HANKYUNG,https://markets.hankyung.com/investment/program-trading,2026-05-21T13:51:25.947923+09:00,610bb28221f62fb4fc46aa7922728660451088125cf13847b8ca2bdc6d039430
2026-04-01,1330,2026-05-21T13:51:25.947923+09:00,13:51,21,13:51,collected_at_fallback,13:51,REGULAR,KOSPI,ARBITRAGE,426773,495923,69150,,,,백만원,,HANKYUNG,https://markets.hankyung.com/investment/program-trading,2026-05-21T13:51:25.947923+09:00,610bb28221f62fb4fc46aa7922728660451088125cf13847b8ca2bdc6d039430
2026-04-01,1330,2026-05-21T13:51:25.947923+09:00,13:51,21,13:51,collected_at_fallback,13:51,REGULAR,KOSPI,NON_ARBITRAGE,7139391,7210281,70890,,,,백만원,,HANKYUNG,https://markets.hankyung.com/investment/program-trading,2026-05-21T13:51:25.947923+09:00,610bb28221f62fb4fc46aa7922728660451088125cf13847b8ca2bdc6d039430
2026-04-01,1330,2026-05-21T13:51:25.947923+09:00,13:51,21,13:51,collected_at_fallback,13:51,REGULAR,KOSPI,TOTAL,7566164,7706204,140040,,,,백만원,,HANKYUNG,https://markets.hankyung.com/investment/program-trading,2026-05-21T13:51:25.947923+09:00,610bb28221f62fb4fc46aa7922728660451088125cf13847b8ca2bdc6d039430
2026-04-09,1330,2026-05-21T13:51:25.947923+09:00,13:51,21,13:51,collected_at_fallback,13:51,REGULAR,KOSPI,ARBITRAGE,581291,538105,-43186,,,,백만원,,HANKYUNG,https://markets.hankyung.com/investment/program-trading,2026-05-21T13:51:25.947923+09:00,610bb28221f62fb4fc46aa7922728660451088125cf13847b8ca2bdc6d039430
2026-04-09,1330,2026-05-21T13:51:25.947923+09:00,13:51,21,13:51,collected_at_fallback,13:51,REGULAR,KOSPI,NON_ARBITRAGE,9789794,8397859,-1391935,,,,백만원,,HANKYUNG,https://markets.hankyung.com/investment/program-trading,2026-05-21T13:51:25.947923+09:00,610bb28221f62fb4fc46aa7922728660451088125cf13847b8ca2bdc6d039430
2026-04-09,1330,2026-05-21T13:51:25.947923+09:00,13:51,21,13:51,collected_at_fallback,13:51,REGULAR,KOSPI,TOTAL,10371085,8935964,-1435121,,,,백만원,,HANKYUNG,https://markets.hankyung.com/investment/program-trading,2026-05-21T13:51:25.947923+09:00,610bb28221f62fb4fc46aa7922728660451088125cf13847b8ca2bdc6d039430
2026-04-08,1330,2026-05-21T13:51:25.947923+09:00,13:51,21,13:51,collected_at_fallback,13:51,REGULAR,KOSPI,ARBITRAGE,378454,894096,515641,,,,백만원,,HANKYUNG,https://markets.hankyung.com/investment/program-trading,2026-05-21T13:51:25.947923+09:00,610bb28221f62fb4fc46aa7922728660451088125cf13847b8ca2bdc6d039430
2026-04-08,1330,2026-05-21T13:51:25.947923+09:00,13:51,21,13:51,collected_at_fallback,13:51,REGULAR,KOSPI,NON_ARBITRAGE,9012979,10279866,1266887,,,,백만원,,HANKYUNG,https://markets.hankyung.com/investment/program-trading,2026-05-21T13:51:25.947923+09:00,610bb28221f62fb4fc46aa7922728660451088125cf13847b8ca2bdc6d039430
2026-04-08,1330,2026-05-21T13:51:25.947923+09:00,13:51,21,13:51,collected_at_fallback,13:51,REGULAR,KOSPI,TOTAL,9391433,11173962,1782528,,,,백만원,,HANKYUNG,https://markets.hankyung.com/investment/program-trading,2026-05-21T13:51:25.947923+09:00,610bb28221f62fb4fc46aa7922728660451088125cf13847b8ca2bdc6d039430
